marble_ID,relative_path,created,last_updated
ROOTS-OF-RENEWABLES,../_mms-md/ROOTS-OF-RENEWABLES.md,2024-08-07,2024-11-17
PropOfSciences,../_mms-md/PropOfSciences.md,2023-09-11,2024-09-20
JUST-TRANSITION-PRINC-FRAME,../_mms-md/JUST-TRANSITION-PRINC-FRAME.md,2023-09-11,2024-10-14
2.02E+11,../_mms-md/202308111213.md,2023-08-11,2024-09-20
PROJECT-RESEARCH-AUTOMATED-SINGING-BOWL,../_mms-md/PROJECT-RESEARCH-AUTOMATED-SINGING-BOWL.md,2024-11-05,2024-11-05
ENERGY-VEGAN,../_mms-md/ENERGY-VEGAN.md,2023-10-08,2024-09-20
PEACE-ENGINEERING-A,../_mms-md/PEACE-ENGINEERING-A.md,2024-02-21,2024-09-20
OANM-HUB-FOR-LOCAL-BUS,../_mms-md/OANM-HUB-FOR-LOCAL-BUS.md,2023-09-27,2024-09-20
APP-IDEA-B,../_mms-md/APP-IDEA-B.md,2024-04-12,2024-09-20
EYTLaserViz-A,../_mms-md/EYTLaserViz-A.md,2023-11-07,2024-10-02
MMSPhilOfSciA,../_mms-md/MMSPhilOfSciA.md,2023-09-11,2024-10-25
DEGROWTH-SDG-IPCC,../_mms-md/DEGROWTH-SDG-IPCC.md,2023-09-08,2024-09-20
LIBERATORY-DESIGN-A,../_mms-md/LIBERATORY-DESIGN-A.md,2024-04-12,2024-09-20
CIRCULAR-ECON-D,../_mms-md/CIRCULAR-ECON-D.md,2023-11-08,2024-09-20
MMSCityPublicReportCenter,../_mms-md/MMSCityPublicReportCenter.md,2024-07-25,2024-09-20
POUCH-SYSTEMS-THINKING-TOOLS,../_mms-md/POUCH-SYSTEMS-THINKING-TOOLS.md,2024-11-05,2024-11-15
PERSONAL-VALUE-SYSTEM,../_mms-md/PERSONAL-VALUE-SYSTEM.md,2024-07-31,2024-09-20
ECON-GROWTH-A,../_mms-md/ECON-GROWTH-A.md,2023-09-25,2024-09-20
COLLECTION-JUST-ENERGY-HUB,../_mms-md/COLLECTION-JUST-ENERGY-HUB.md,2024-08-01,2024-09-20
EYTPlaylistsFunDJing,../_mms-md/EYTPlaylistsFunDJing.md,2024-09-24,2024-10-14
KNOWING-A,../_mms-md/KNOWING-A.md,2023-10-19,2024-09-20
COMMUNITY-OWNED-LAND-ECOSYSTEMS,../_mms-md/COMMUNITY-OWNED-LAND-ECOSYSTEMS.md,2024-10-10,2024-10-14
MMSBigTechA,../_mms-md/MMSBigTechA.md,2023-11-14,2024-09-20
NATEL-ENERGY-FISH-SAFE-STUDIES,../_mms-md/NATEL-ENERGY-FISH-SAFE-STUDIES.md,2024-08-25,2024-09-23
WASTE-C,../_mms-md/WASTE-C.md,2024-02-17,2024-10-22
STREAMING-COMMUNITY-PLATF,../_mms-md/STREAMING-COMMUNITY-PLATF.md,2023-09-27,2024-09-20
WEBSITE-SIZE-CHECK-A,../_mms-md/WEBSITE-SIZE-CHECK-A.md,2024-01-14,2024-09-20
QUOTES-GENERAL-COLLECTION,../_mms-md/QUOTES-GENERAL-COLLECTION.md,2024-09-21,2024-11-05
PHENOMENA-A,../_mms-md/PHENOMENA-A.md,2023-10-13,2024-09-20
QUOTES-INJUSTICE-SILENCE,../_mms-md/QUOTES-INJUSTICE-SILENCE.md,2024-09-03,2024-11-13
BOOK-The-Bliss-of-Inner-Fire,../_mms-md/BOOK-The-Bliss-of-Inner-Fire.md,2024-09-06,2024-09-20
ENERGY-CONSUMPTION-A,../_mms-md/ENERGY-CONSUMPTION-A.md,2023-10-04,2024-09-20
PROBLEMS-A,../_mms-md/PROBLEMS-A.md,2023-10-09,2024-09-20
QUOTES-NONVIOLENCE-AND-FORCE,../_mms-md/QUOTES-NONVIOLENCE-AND-FORCE.md,2024-10-30,2024-11-05
ENGINEERING-A,../_mms-md/ENGINEERING-A.md,2023-10-10,2024-09-20
MMSWhiteSupremacy-A,../_mms-md/MMSWhiteSupremacy-A.md,2024-11-13,2024-11-15
OANM-EMOTIONAL-SHARING,../_mms-md/OANM-EMOTIONAL-SHARING.md,2024-02-26,2024-09-20
MMSLoans,../_mms-md/MMSLoans.md,2023-09-27,2024-11-15
MMSHothouse,../_mms-md/MMSHothouse.md,2023-10-11,2024-09-20
MEDITATION-BREATHING-RATIOS-PRANAYAMA,../_mms-md/MEDITATION-BREATHING-RATIOS-PRANAYAMA.md,2024-05-09,2024-09-20
RESUME-WRITINGS-C,../_mms-md/RESUME-WRITINGS-C.md,2024-02-06,2024-09-20
RESTAURANT-IDEA-A,../_mms-md/RESTAURANT-IDEA-A.md,2023-09-06,2024-09-20
WASTE-B,../_mms-md/WASTE-B.md,2023-11-17,2024-09-20
UNLEARNING-A,../_mms-md/UNLEARNING-A.md,2023-10-04,2024-09-20
RECYCLING-A,../_mms-md/RECYCLING-A.md,2023-11-08,2024-09-20
VisualizationIdeasQuick,../_mms-md/VisualizationIdeasQuick.md,2024-11-25,2024-11-26
EYTCareClubInspo-A,../_mms-md/EYTCareClubInspo-A.md,2024-01-15,2024-09-20
NOTETAKING-A,../_mms-md/NOTETAKING-A.md,2023-10-25,2024-09-20
AYURVEDA-DOSHAS,../_mms-md/AYURVEDA-DOSHAS.md,2024-06-10,2024-09-20
PLANNING-DREAMING-CELEBRATING-DOING-FRAMEWORK,../_mms-md/PLANNING-DREAMING-CELEBRATING-DOING-FRAMEWORK.md,2024-09-27,2024-10-22
MMSTuningIntoSeparation,../_mms-md/MMSTuningIntoSeparation.md,2023-12-29,2024-09-20
MMSOlinSystemsBuilding,../_mms-md/MMSOlinSystemsBuilding.md,2024-06-18,2024-10-14
POVERTY-OVERVIEW,../_mms-md/POVERTY-OVERVIEW.md,2024-01-18,2024-09-20
CIRCULAR-ECON-A,../_mms-md/CIRCULAR-ECON-A.md,2023-11-02,2024-11-05
THREE-WELLBEING-THINGS,../_mms-md/THREE-WELLBEING-THINGS.md,2023-08-31,2024-09-20
letter-to-rhizome-2024,../_mms-md/letter-to-rhizome-2024.md,2024-09-14,2024-09-20
PED-OF-LOVE,../_mms-md/PED-OF-LOVE.md,2023-08-11,2024-09-20
SPIRIT-PODCASTS,../_mms-md/SPIRIT-PODCASTS.md,2024-08-28,2024-11-13
NATEL-ENERGY-MEDIA,../_mms-md/NATEL-ENERGY-MEDIA.md,2024-08-15,2024-09-20
OVERVIEW-CAPITALISM,../_mms-md/OVERVIEW-CAPITALISM.md,2023-09-18,2024-09-20
CLIMATE-ACT-RESOURCES-B,../_mms-md/CLIMATE-ACT-RESOURCES-B.md,2024-02-27,2024-09-20
RESUME-WRITINGS-B,../_mms-md/RESUME-WRITINGS-B.md,2024-02-06,2024-09-20
REPAIR-A,../_mms-md/REPAIR-A.md,2023-11-24,2024-09-20
AUTOPOIESIS-A,../_mms-md/AUTOPOIESIS-A.md,2023-08-20,2024-11-24
LUHMANN-COMMUNI-A,../_mms-md/LUHMANN-COMMUNI-A.md,2023-09-22,2024-09-20
EYTPlaylistsForOnlineFacilitation,../_mms-md/EYTPlaylistsForOnlineFacilitation.md,2024-10-02,2024-10-09
ADAPT-CYCLES-A,../_mms-md/ADAPT-CYCLES-A.md,2023-09-08,2024-09-20
MMSSensingA,../_mms-md/MMSSensingA.md,2024-02-19,2024-09-20
SYSTEMS-THINKING-OVERVIEW-CAUSAL-LOOPS,../_mms-md/SYSTEMS-THINKING-OVERVIEW-CAUSAL-LOOPS.md,2024-11-05,2024-11-15
COMPETITION-OVER-RESOURCES,../_mms-md/COMPETITION-OVER-RESOURCES.md,2024-09-11,2024-09-20
SPIRIT-A,../_mms-md/SPIRIT-A.md,2024-08-19,2024-09-20
APP-IDEA-C,../_mms-md/APP-IDEA-C.md,2024-04-12,2024-09-20
DEATH-A,../_mms-md/DEATH-A.md,2023-12-05,2024-09-20
CIRCULAR-ECON-E,../_mms-md/CIRCULAR-ECON-E.md,2023-11-11,2024-09-20
MASLOWS-NEEDS-BEYOND,../_mms-md/MASLOWS-NEEDS-BEYOND.md,2023-09-19,2024-09-20
MMSQ-Transdisciplinary-awareness,../_mms-md/MMSQ-Transdisciplinary-awareness.md,2024-08-15,2024-09-20
MESH-CAP-OVERVIEW,../_mms-md/MESH-CAP-OVERVIEW.md,2024-01-25,2024-09-20
MESH-CAP,../_mms-md/MESH-CAP.md,2024-01-28,2024-09-20
DIALOGUE-A,../_mms-md/DIALOGUE-A.md,2023-12-04,2024-09-20
BOOK-The-Art-of-Gathering,../_mms-md/BOOK-The-Art-of-Gathering.md,2024-08-18,2024-09-20
COMMUNICATION-A,../_mms-md/COMMUNICATION-A.md,2023-11-01,2024-09-20
COOP-PRINCIPLES,../_mms-md/COOP-PRINCIPLES.md,2023-09-11,2024-09-20
RESUME-WRITINGS-UPLOAD,../_mms-md/RESUME-WRITINGS-UPLOAD.md,2024-02-06,2024-09-20
GRADES-A,../_mms-md/GRADES-A.md,2023-11-01,2024-09-20
METAPHORICAL-RELATIONSHIPS-OF-ORGS,../_mms-md/METAPHORICAL-RELATIONSHIPS-OF-ORGS.md,2024-08-06,2024-10-22
MMSWasteA,../_mms-md/MMSWasteA.md,2023-11-02,2024-09-20
AGRICULTURE-A,../_mms-md/AGRICULTURE-A.md,2023-10-11,2024-09-20
CHOMSKY-GLOBAL-HEG-VID,../_mms-md/CHOMSKY-GLOBAL-HEG-VID.md,2023-09-20,2024-09-20
MESH-CAP-VERIF-A,../_mms-md/MESH-CAP-VERIF-A.md,2024-01-28,2024-09-20
INSPIRATION-ILLUSTRATIONS,../_mms-md/INSPIRATION-ILLUSTRATIONS.md,2024-08-04,2024-11-25
INSPO-DRAWING-A,../_mms-md/INSPO-DRAWING-A.md,2023-11-02,2024-11-25
BOUNDARY-SPANNING,../_mms-md/BOUNDARY-SPANNING.md,2024-08-25,2024-09-20
CONFERENCE-COMMUNI-A,../_mms-md/CONFERENCE-COMMUNI-A.md,2023-11-01,2024-09-20
COLLECTION-GRAPHICS-UI,../_mms-md/COLLECTION-GRAPHICS-UI.md,2024-07-24,2024-09-20
MMSHealthTechCommuniA,../_mms-md/MMSHealthTechCommuniA.md,2023-09-21,2024-09-20
MESH-CAP-D,../_mms-md/MESH-CAP-D.md,2023-11-09,2024-09-20
ENERGY-JUSTICE-A,../_mms-md/ENERGY-JUSTICE-A.md,2024-04-10,2024-09-20
MINING-A,../_mms-md/MINING-A.md,2023-11-21,2024-09-20
INTELLIGENCE-A,../_mms-md/INTELLIGENCE-A.md,2023-08-13,2024-09-20
PROSPERITY-A,../_mms-md/PROSPERITY-A.md,2023-09-18,2024-09-20
MMS-POST-IDEAS,../_mms-md/MMS-POST-IDEAS.md,2024-08-07,2024-09-20
APPS-USEFUL-A,../_mms-md/APPS-USEFUL-A.md,2024-02-01,2024-09-20
MMSCommuniA,../_mms-md/MMSCommuniA.md,2023-09-11,2024-10-29
INCARCERATION-STATS,../_mms-md/INCARCERATION-STATS.md,2024-10-18,2024-10-19
EYTCareClubInspo-B-Drinks,../_mms-md/EYTCareClubInspo-B-Drinks.md,2024-03-06,2024-09-20
THESIS-HOLISTIC-ENGINEERING,../_mms-md/THESIS-HOLISTIC-ENGINEERING.md,2024-09-29,2024-11-24
BIOMIMICRY-B,../_mms-md/BIOMIMICRY-B.md,2024-10-25,2024-10-27
INNOVATORS-COMPASS-A,../_mms-md/INNOVATORS-COMPASS-A.md,2024-04-12,2024-09-20
DOCUMENTARIES-NATURE-ANIMALS,../_mms-md/DOCUMENTARIES-NATURE-ANIMALS.md,2024-11-17,2024-11-22
PRESENCE-A,../_mms-md/PRESENCE-A.md,2023-10-08,2024-09-20
CREATIVE-MARKETING-RESOURCE-A,../_mms-md/CREATIVE-MARKETING-RESOURCE-A.md,2024-08-29,2024-09-20
SYSTEMIC-INTELLIGENCE-SPACE,../_mms-md/SYSTEMIC-INTELLIGENCE-SPACE.md,2024-08-21,2024-09-20
GLUCOSE-A,../_mms-md/GLUCOSE-A.md,2023-11-01,2024-09-20
POLICY-RESTAURANT-A,../_mms-md/POLICY-RESTAURANT-A.md,2023-09-06,2024-09-20
POWER-A,../_mms-md/POWER-A.md,2024-02-15,2024-09-20
RADICALNESS,../_mms-md/RADICALNESS.md,2023-10-17,2024-11-02
EYTClubCollab-B,../_mms-md/EYTClubCollab-B.md,2024-01-15,2024-09-20
VEGETABLE-STATS-A,../_mms-md/VEGETABLE-STATS-A.md,2024-04-20,2024-09-20
DESIGNING-WITH-COUNTRY-A,../_mms-md/DESIGNING-WITH-COUNTRY-A.md,2024-02-12,2024-10-23
MARKET-CONF-A,../_mms-md/MARKET-CONF-A.md,2023-09-06,2024-09-20
POWER-ECONOMY-A,../_mms-md/POWER-ECONOMY-A.md,2024-01-30,2024-09-20
INTERDISCIPLINARITY-A,../_mms-md/INTERDISCIPLINARITY-A.md,2024-03-20,2024-09-20
ENTITLEMENT-A,../_mms-md/ENTITLEMENT-A.md,2023-08-11,2024-09-20
letter-to-the-SF-Chronicle,../_mms-md/letter-to-the-SF-Chronicle.md,2024-07-29,2024-09-20
IMAGINATION-A,../_mms-md/IMAGINATION-A.md,2023-10-19,2024-09-20
EYTIdentity-A,../_mms-md/EYTIdentity-A.md,2024-01-14,2024-09-20
letter-to-people-power-solar-cooperative,../_mms-md/letter-to-people-power-solar-cooperative.md,2024-09-10,2024-09-20
RENEW-MINING-A,../_mms-md/RENEW-MINING-A.md,2023-10-04,2024-09-20
TECH-INTERDEP-A,../_mms-md/TECH-INTERDEP-A.md,2023-11-29,2024-09-20
WORK-WEEK-A,../_mms-md/WORK-WEEK-A.md,2024-08-19,2024-09-20
MESH-CAP-A,../_mms-md/MESH-CAP-A.md,2023-09-25,2024-09-20
LIVESTOCK-LAND-HOUSING-HOUSELESS,../_mms-md/LIVESTOCK-LAND-HOUSING-HOUSELESS.md,2024-09-03,2024-09-20
PORTFOLIO-SYSTEMS-THINKING-ILLUSTRATIONS,../_mms-md/PORTFOLIO-SYSTEMS-THINKING-ILLUSTRATIONS.md,2024-04-05,2024-09-20
ADAPT-CHANGE,../_mms-md/ADAPT-CHANGE.md,2023-08-11,2024-09-20
PRECAUTIONARY-PRINCIPLE-A,../_mms-md/PRECAUTIONARY-PRINCIPLE-A.md,2023-12-09,2024-09-20
BAY-AREA-LINKS,../_mms-md/BAY-AREA-LINKS.md,2024-11-08,2024-11-15
ELECYT-LASER-VIZ-A,../_mms-md/ELECYT-LASER-VIZ-A.md,2024-01-19,2024-09-30
GRAPHIC-DESIGN-TIPS-COLLECTION,../_mms-md/GRAPHIC-DESIGN-TIPS-COLLECTION.md,2024-09-03,2024-11-14
MMSHomepage,../_mms-md/MMSHomepage.md,2024-08-23,2024-11-13
MILIT-A,../_mms-md/MILIT-A.md,2023-11-03,2024-09-20
MMSSocialReproductionB,../_mms-md/MMSSocialReproductionB.md,2023-10-17,2024-11-13
SETH-PRACTICES-A,../_mms-md/SETH-PRACTICES-A.md,2023-12-29,2024-09-20
PROBLEM-VS-ASPIRATION,../_mms-md/PROBLEM-VS-ASPIRATION.md,2023-10-04,2024-09-20
MMSNutritionLabeling,../_mms-md/MMSNutritionLabeling.md,2023-09-27,2024-09-20
MMSMeatStickA,../_mms-md/MMSMeatStickA.md,2023-12-04,2024-09-20
DICTATORSHIP-A,../_mms-md/DICTATORSHIP-A.md,2023-11-01,2024-09-20
MESH-CAP-E,../_mms-md/MESH-CAP-E.md,2023-11-17,2024-09-20
MMSIcebergDynamics,../_mms-md/MMSIcebergDynamics.md,2024-11-13,2024-11-22
INDEXING-CODING-WHY,../_mms-md/INDEXING-CODING-WHY.md,2024-03-06,2024-09-20
MANTRA-SRI-YANTRA,../_mms-md/MANTRA-SRI-YANTRA.md,2024-06-10,2024-09-20
SYSTEMS-THINKING-TOOL-SYSTEMIC-CONSTELLATIONS,../_mms-md/SYSTEMS-THINKING-TOOL-SYSTEMIC-CONSTELLATIONS.md,2024-11-05,2024-11-15
FRAMEWORKS-COMMUNITY-WEAVING,../_mms-md/FRAMEWORKS-COMMUNITY-WEAVING.md,2024-07-17,2024-10-14
SURVIVAL-OF-THE-NURTURED,../_mms-md/SURVIVAL-OF-THE-NURTURED.md,2024-10-06,2024-10-10
NATURE-PARADIGMS,../_mms-md/NATURE-PARADIGMS.md,2023-09-11,2024-09-20
EMANCIPATORY-ACTION-RESEARCH-A,../_mms-md/EMANCIPATORY-ACTION-RESEARCH-A.md,2024-04-16,2024-09-20
SCIENCE-OF-HOLISM-FRAMEWORK,../_mms-md/SCIENCE-OF-HOLISM-FRAMEWORK.md,2024-04-15,2024-10-14
READING-RECS-A,../_mms-md/READING-RECS-A.md,2024-04-12,2024-09-20
COMMUNITY-A,../_mms-md/COMMUNITY-A.md,2023-11-18,2024-09-20
SPIRIT-TRANSFORMATION,../_mms-md/SPIRIT-TRANSFORMATION.md,2023-09-08,2024-09-20
WORK-CULTURE-MEDIEVAL-STONAGE-NOW,../_mms-md/WORK-CULTURE-MEDIEVAL-STONAGE-NOW.md,2023-10-08,2024-10-27
MMSDigitalComA,../_mms-md/MMSDigitalComA.md,2023-12-21,2024-09-20
COLLABORATIVE-ECOSYSTEMS-A,../_mms-md/COLLABORATIVE-ECOSYSTEMS-A.md,2024-07-25,2024-09-20
EYT-MUSIC-VIZ-IDEAS,../_mms-md/EYT-MUSIC-VIZ-IDEAS.md,2024-01-15,2024-09-20
MESH-CAP-G-1,../_mms-md/MESH-CAP-G-1.md,2024-01-31,2024-11-05
COMBAT-A,../_mms-md/COMBAT-A.md,2024-01-09,2024-09-20
MCGILCHRIST2021-VID,../_mms-md/MCGILCHRIST2021-VID.md,2023-08-31,2024-11-13
MESH-CAP-B,../_mms-md/MESH-CAP-B.md,2023-10-13,2024-09-20
MMSMusicStorageA,../_mms-md/MMSMusicStorageA.md,2023-11-15,2024-09-20
EYTInterestingMusicWebsites,../_mms-md/EYTInterestingMusicWebsites.md,2024-06-10,2024-11-02
HOLISTIC-FRAMEWORKS,../_mms-md/HOLISTIC-FRAMEWORKS.md,2024-09-27,2024-10-19
COFFEE-BLOCK-CAPTURE,../_mms-md/COFFEE-BLOCK-CAPTURE.md,2024-07-22,2024-09-20
PLUS1SOUNDA,../_mms-md/PLUS1SOUNDA.md,2023-11-01,2024-09-20
RESTAURANT-CRIT-A,../_mms-md/RESTAURANT-CRIT-A.md,2023-09-06,2024-09-20
REPAIR-E-BIKE-A,../_mms-md/REPAIR-E-BIKE-A.md,2023-11-23,2024-09-20
PORTFOLIO-WEBSITE-INSPO,../_mms-md/PORTFOLIO-WEBSITE-INSPO.md,2024-01-04,2024-09-20
ONTOLOGICAL-PRIMITIVES,../_mms-md/ONTOLOGICAL-PRIMITIVES.md,2023-10-11,2024-09-21
MMSSocialReproductionA,../_mms-md/MMSSocialReproductionA.md,2023-10-05,2024-11-13
MILIT-B,../_mms-md/MILIT-B.md,2023-11-28,2024-09-20
SEEDS-A,../_mms-md/SEEDS-A.md,2023-09-20,2024-09-20
2.02E+11,../_mms-md/202307052318.md,2023-07-06,2024-09-20
COOP-EXPECTATIONS,../_mms-md/COOP-EXPECTATIONS.md,2023-09-19,2024-09-20
ENGINEERING-SYSTEMIC-PATTERNS-A,../_mms-md/ENGINEERING-SYSTEMIC-PATTERNS-A.md,2024-07-24,2024-09-20
MESH-CAP-F,../_mms-md/MESH-CAP-F.md,2024-01-12,2024-09-20
TECHNOLOGY-DEFINITION-A,../_mms-md/TECHNOLOGY-DEFINITION-A.md,2024-11-02,2024-11-02
MESH-CAP-EPIST-A,../_mms-md/MESH-CAP-EPIST-A.md,2024-01-23,2024-09-20
CLIMATE-ACT-VENN-A,../_mms-md/CLIMATE-ACT-VENN-A.md,2023-08-20,2024-09-20
POVERTY-STATS-A,../_mms-md/POVERTY-STATS-A.md,2024-04-14,2024-09-20
MESH-CAP-METHOD-A,../_mms-md/MESH-CAP-METHOD-A.md,2024-01-29,2024-09-20
ENV-NAT-DIFF,../_mms-md/ENV-NAT-DIFF.md,2023-08-31,2024-09-20
COMPLEXITY-A,../_mms-md/COMPLEXITY-A.md,2024-08-01,2024-09-20
ECO-JUSTICE,../_mms-md/ECO-JUSTICE.md,2023-08-11,2024-09-20
FACTS-A,../_mms-md/FACTS-A.md,2024-01-20,2024-09-20
EFFORT-BROKEN-FEEDBACK,../_mms-md/EFFORT-BROKEN-FEEDBACK.md,2023-10-08,2024-09-20
BOOKS-TO-REMEMBER,../_mms-md/BOOKS-TO-REMEMBER.md,2024-10-08,2024-10-10
TRAGEDY-COMMONS-A,../_mms-md/TRAGEDY-COMMONS-A.md,2023-08-11,2024-09-20
MESH-CAP-G,../_mms-md/MESH-CAP-G.md,2024-01-26,2024-09-20
EXTRACTION-A,../_mms-md/EXTRACTION-A.md,2023-10-09,2024-09-20
ACADEMIC-IMPERIALISM,../_mms-md/ACADEMIC-IMPERIALISM.md,2024-09-20,2024-09-20
FREE-WILL-A,../_mms-md/FREE-WILL-A.md,2023-11-01,2024-09-20
MMSHistOfSci-A,../_mms-md/MMSHistOfSci-A.md,2023-08-20,2024-09-20
MMSStickPlsComp,../_mms-md/MMSStickPlsComp.md,2023-09-18,2024-09-20
OVERVIEW-DEGROWTH,../_mms-md/OVERVIEW-DEGROWTH.md,2023-09-18,2024-09-20
MMSCommuniB,../_mms-md/MMSCommuniB.md,2024-08-23,2024-09-20
MMSSystemicCooperationInterface-A,../_mms-md/MMSSystemicCooperationInterface-A.md,2024-08-25,2024-10-25
COMPLEX-SYSTEMS-FRAMEWORK-A,../_mms-md/COMPLEX-SYSTEMS-FRAMEWORK-A.md,2024-05-15,2024-09-20
NEED-A,../_mms-md/NEED-A.md,2023-08-11,2024-09-20
SYSTEMIC-STORYTELLING-INTERFACE,../_mms-md/SYSTEMIC-STORYTELLING-INTERFACE.md,2024-09-10,2024-09-20
COMMUNICATION-LIVING-ROOM,../_mms-md/COMMUNICATION-LIVING-ROOM.md,2024-08-17,2024-09-20
BIOMIMICRY-A,../_mms-md/BIOMIMICRY-A.md,2023-11-11,2024-09-20
JOB-BOARD-CLIMATE-DESIGN-SOCIAL-JUSTICE,../_mms-md/JOB-BOARD-CLIMATE-DESIGN-SOCIAL-JUSTICE.md,2024-09-18,2024-09-20
SOIL-A,../_mms-md/SOIL-A.md,2023-11-11,2024-09-20
SPIRIT-WORK-A,../_mms-md/SPIRIT-WORK-A.md,2023-08-20,2024-09-20
MESH-CAP-C,../_mms-md/MESH-CAP-C.md,2023-11-07,2024-09-20
ORG-A,../_mms-md/ORG-A.md,2023-11-01,2024-09-20
MEDITATION-SAMATHA-STAGES,../_mms-md/MEDITATION-SAMATHA-STAGES.md,2024-05-08,2024-09-20
MMSInTheWorks,../_mms-md/MMSInTheWorks.md,2024-09-10,2024-11-22
INSTALLATION-1,../_mms-md/INSTALLATION-1.md,2023-10-26,2024-09-20
TEST-LETTER,../_mms-md/TEST-LETTER.md,2024-10-19,2024-10-19
EYTClubCollab-A,../_mms-md/EYTClubCollab-A.md,2023-12-07,2024-10-02
SURVIVAL-OF-THE-FRIENDLIEST,../_mms-md/SURVIVAL-OF-THE-FRIENDLIEST.md,2024-08-27,2024-10-06
MMSCapitalismA,../_mms-md/MMSCapitalismA.md,2023-10-24,2024-09-20
WASTE-A,../_mms-md/WASTE-A.md,2023-11-02,2024-09-20
APP-IDEA-D,../_mms-md/APP-IDEA-D.md,2024-09-17,2024-09-20
EYTMusicVizIdeas-A,../_mms-md/EYTMusicVizIdeas-A.md,2023-11-07,2024-09-20
FLOW,../_mms-md/FLOW.md,2023-08-13,2024-09-20
PEACE-A,../_mms-md/PEACE-A.md,2023-11-28,2024-09-20
BELIEVING-A,../_mms-md/BELIEVING-A.md,2024-01-20,2024-09-20
ST-HL-A,../_mms-md/ST-HL-A.md,2023-10-10,2024-09-20
REGENERATION-A,../_mms-md/REGENERATION-A.md,2023-11-09,2024-09-20
SENSING-B,../_mms-md/SENSING-B.md,2024-02-18,2024-10-14
2.02E+11,../_mms-md/202309131344.md,2023-09-13,2024-09-20
EYTMusicSimilaritySearchEngine,../_mms-md/EYTMusicSimilaritySearchEngine.md,2024-04-26,2024-09-20
CIRCULAR-ECON-B,../_mms-md/CIRCULAR-ECON-B.md,2023-11-07,2024-09-20
SYSTEMIC-CHANGE-A,../_mms-md/SYSTEMIC-CHANGE-A.md,2024-03-20,2024-09-20
MESH-CAP-H,../_mms-md/MESH-CAP-H.md,2024-01-27,2024-09-20
REPAIR-B,../_mms-md/REPAIR-B.md,2023-11-24,2024-09-20
2.02E+11,../_mms-md/202308212300.md,2023-08-21,2024-09-20
RESUME-WRITINGS-A,../_mms-md/RESUME-WRITINGS-A.md,2024-02-06,2024-09-20
CLIMATE-ACT-RESOURCES-A,../_mms-md/CLIMATE-ACT-RESOURCES-A.md,2024-02-27,2024-09-20
FAITH-BELIEF-SCIENCE,../_mms-md/FAITH-BELIEF-SCIENCE.md,2024-03-11,2024-09-20
CONFERENCE-COMMUNI-OVERV,../_mms-md/CONFERENCE-COMMUNI-OVERV.md,2023-11-01,2024-09-20
QUOTES-CREATION-PEACE,../_mms-md/QUOTES-CREATION-PEACE.md,2024-08-07,2024-09-20
LUHMANN-COMMUNI-B,../_mms-md/LUHMANN-COMMUNI-B.md,2024-04-10,2024-09-20
ECOLOGY-A,../_mms-md/ECOLOGY-A.md,2023-10-26,2024-09-20
ANARCH-COUPLE-A,../_mms-md/ANARCH-COUPLE-A.md,2023-11-23,2024-09-20
MEDIA-MOVEMENT-BUILDING-A,../_mms-md/MEDIA-MOVEMENT-BUILDING-A.md,2023-12-12,2024-09-20
MICRO-GRIDS-A,../_mms-md/MICRO-GRIDS-A.md,2023-11-25,2024-09-20
MMSContrastSimpleAndComplexSystems,../_mms-md/MMSContrastSimpleAndComplexSystems.md,2024-11-24,2024-11-24
BOAT-FUEL-CONSUMPTION-STATS,../_mms-md/BOAT-FUEL-CONSUMPTION-STATS.md,2024-10-18,2024-10-19
CIRCULAR-ECON-F,../_mms-md/CIRCULAR-ECON-F.md,2023-11-12,2024-09-20
SLOWING-DOWN-A,../_mms-md/SLOWING-DOWN-A.md,2023-10-13,2024-09-20
MESH-EJ-THESIS,../_mms-md/MESH-EJ-THESIS.md,2023-08-13,2024-09-20
ALL,../_mms-md/ALL.md,2024-08-05,2024-11-26
EYTSongDownloadingConversion,../_mms-md/EYTSongDownloadingConversion.md,2024-01-20,2024-09-20
TEST,../_mms-md/TEST.md,2024-08-05,2024-10-19
ENERGY-ENG-A,../_mms-md/ENERGY-ENG-A.md,2024-07-09,2024-11-02
BUBBLE-HASHTAGS,../_mms-md/BUBBLE-HASHTAGS.md,2023-12-09,2024-09-20
MMSPhenomenaOfComplexSystems,../_mms-md/MMSPhenomenaOfComplexSystems.md,2024-11-23,2024-11-24
PROGRESS-A,../_mms-md/PROGRESS-A.md,2023-12-09,2024-09-20
PLANT-BASED-DIET-A,../_mms-md/PLANT-BASED-DIET-A.md,2024-09-03,2024-09-20
MIXBASE-DOCUMENTATION,../_mms-md/MIXBASE-DOCUMENTATION.md,2024-07-27,2024-09-20
MESH-JEH-Overview-A,../_mms-md/MESH-JEH-Overview-A.md,2024-03-28,2024-09-20
MANTRA-GAYATRI,../_mms-md/MANTRA-GAYATRI.md,2024-04-20,2024-09-20
WASTE-D,../_mms-md/WASTE-D.md,2024-08-18,2024-09-20
INSIGHTS-COLLECTION,../_mms-md/INSIGHTS-COLLECTION.md,2024-11-06,2024-11-15
SUST-JOBS,../_mms-md/SUST-JOBS.md,2023-11-09,2024-09-20
ELECTRICITY-BOTTOM-BILLION,../_mms-md/ELECTRICITY-BOTTOM-BILLION.md,2024-09-10,2024-09-20
EYTLaserViz-B,../_mms-md/EYTLaserViz-B.md,2023-11-08,2024-09-20
APP-IDEA-A,../_mms-md/APP-IDEA-A.md,2023-11-08,2024-09-20
CIRCULAR-ECON-G,../_mms-md/CIRCULAR-ECON-G.md,2023-11-24,2024-09-20
MMSSystemIntervention-A,../_mms-md/MMSSystemIntervention-A.md,2024-01-18,2024-11-19
CUTE-A,../_mms-md/CUTE-A.md,2023-11-02,2024-09-20
INTRINSIC-EDUCATION-A,../_mms-md/INTRINSIC-EDUCATION-A.md,2023-11-01,2024-09-20
DRAWING-PRACTICE,../_mms-md/DRAWING-PRACTICE.md,2024-10-30,2024-11-02
OPP-LIB-PRAC-A,../_mms-md/OPP-LIB-PRAC-A.md,2023-07-31,2024-09-20
INTERVIEWING-A,../_mms-md/INTERVIEWING-A.md,2024-02-17,2024-09-20
POUCH-OF-QUOTES,../_mms-md/POUCH-OF-QUOTES.md,2024-09-21,2024-11-05
ARCHITECTURE-BIOPHILIC-BUILDING-EXAMPLES,../_mms-md/ARCHITECTURE-BIOPHILIC-BUILDING-EXAMPLES.md,2024-11-05,2024-11-15
MMSCollaborationA,../_mms-md/MMSCollaborationA.md,2023-11-14,2024-09-20
CLIMATE-CHANGE-A,../_mms-md/CLIMATE-CHANGE-A.md,2023-10-09,2024-09-20
MESH-CAP-MEDIA,../_mms-md/MESH-CAP-MEDIA.md,2024-02-07,2024-09-20
SMALLBUSINESS-RENT,../_mms-md/SMALLBUSINESS-RENT.md,2023-09-18,2024-09-20
SYSTEMS-THINKING-10Tools-for-a-zero-carbon-world,../_mms-md/SYSTEMS-THINKING-10Tools-for-a-zero-carbon-world.md,2024-11-05,2024-11-15
PROBLEMS-B,../_mms-md/PROBLEMS-B.md,2024-02-26,2024-09-20
MMSFinanceVisual,../_mms-md/MMSFinanceVisual.md,2023-09-17,2024-11-15
CERT-ORG,../_mms-md/CERT-ORG.md,2023-11-09,2024-09-20
KNOWLEDGE-ORGANIZATION-A,../_mms-md/KNOWLEDGE-ORGANIZATION-A.md,2023-10-19,2024-09-20
SOMATIC-HEAL-WHITENESS,../_mms-md/SOMATIC-HEAL-WHITENESS.md,2023-10-05,2024-09-21
ENG-WAR,../_mms-md/ENG-WAR.md,2023-10-10,2024-09-20
CIRCULAR-ECON-C,../_mms-md/CIRCULAR-ECON-C.md,2023-11-08,2024-09-20
IPCC-TRANSITION,../_mms-md/IPCC-TRANSITION.md,2023-09-08,2024-09-20
MMSEconomicDemocracy,../_mms-md/MMSEconomicDemocracy.md,2024-11-26,2024-11-28
SOLAR-ENERGY-A,../_mms-md/SOLAR-ENERGY-A.md,2023-10-11,2024-09-20
CO-CREATIVE-ECONOMY-A,../_mms-md/CO-CREATIVE-ECONOMY-A.md,2024-02-18,2024-10-14
MESH-CAP-I,../_mms-md/MESH-CAP-I.md,2024-01-30,2024-09-20
INTO-PERSPECTIVE,../_mms-md/INTO-PERSPECTIVE.md,2024-08-07,2024-09-20
MMSHealthAutopoiesis,../_mms-md/MMSHealthAutopoiesis.md,2024-01-19,2024-09-20
CAPABILITIES-FOR-LIFE-FRAMEWORK,../_mms-md/CAPABILITIES-FOR-LIFE-FRAMEWORK.md,2024-07-11,2024-09-20